{"accuracy": 0.998011748757343, "recall": 0.9996131528046421, "precision": 0.9919385796545106, "f1": 0.9957610789980733}